group,gene_exprs
groupA,1.87470923785153
groupA,2.03672866484442
groupA,1.83287427751799
groupA,2.31905616042756
groupA,2.06590155436307
groupB,2.17953161588198
groupB,3.48742905242849
groupB,3.73832470512922
groupB,3.57578135165349
groupB,2.69461161284364
